,Symbol,Date,Close,High,Low,Open,Volume,engulfing,hammer,inverse_hammer,piercing,morning_star,3adv_white_soldiers,hanging_man,shooting_star,evening_star,evening_doji_star,three_black_crows,dark_cloud_cover,doji,spinning_top,rising_falling_three_methods,Adj Close
339,AKAM,1/17/2025,91.01000214,92.55000305,90.95999908,91.72000122,2346400,0,0,0,0,0,0,0,-100,0,0,0,0,0,0,0,
1087,AMAT,1/17/2025,192.0500031,193.1600037,188.7899933,193,8102100,0,0,0,0,0,0,-100,0,0,0,0,0,0,0,0,
135,AMD,1/17/2025,121.4599991,122.7399979,120.5500031,120.7799988,35582500,0,0,0,0,0,0,0,-100,0,0,0,0,0,0,0,
849,AMP,1/17/2025,552.1900024,552.3400269,544.1699829,549.5499878,941600,0,0,0,0,0,0,-100,0,0,0,0,0,0,0,0,
1529,AVB,1/17/2025,218.1399994,218.8399963,217.25,218.3699951,553900,0,0,0,0,0,0,-100,0,0,0,0,0,100,-100,0,
2498,BAM,1/17/2025,55.56999969,55.90000153,55.20000076,55.24000168,550000,0,0,0,0,0,0,0,-100,0,0,0,0,0,0,0,
2515,BN,1/17/2025,58.18000031,58.56999969,57.88000107,57.97000122,1406600,0,0,0,0,0,0,0,-100,0,0,0,0,0,0,0,
2736,CAN,1/17/2025,2.00999999,2.256999969,1.995000005,2.059999943,27102900,0,0,0,0,0,0,0,-100,0,0,0,0,0,0,0,
3042,CBRE,1/17/2025,136.9100037,137.25,134.4100037,135.7100067,2146100,0,0,0,0,0,0,-100,0,0,0,0,0,0,0,0,
3263,CHKP,1/17/2025,187.8699951,189.1499939,185.0200043,188.75,664900,0,0,0,0,0,0,-100,0,0,0,0,0,0,0,0,
3246,CHTR,1/17/2025,351.3699951,353.5899963,347.6900024,352.8200073,1206900,0,0,0,0,0,0,-100,0,0,0,0,0,0,0,0,
3960,CRBG,1/17/2025,31.95000076,32.36000061,31.80500031,31.84000015,6054200,0,0,0,0,0,0,0,-100,0,0,0,0,0,0,0,
4147,CRWD,1/17/2025,357,370.9500122,349.5499878,370.1400146,4915500,0,0,0,0,0,0,0,0,-100,0,0,0,0,0,0,
4266,CYBR,1/17/2025,352.2200012,363,351.9100037,361.8299866,534300,0,0,0,0,0,0,0,0,0,0,0,-100,0,0,0,
4776,DASH,1/17/2025,174.4799957,174.7100067,172.5200043,174.3699951,3653900,0,0,0,0,0,0,-100,0,0,0,0,0,100,100,0,
4708,DG,1/17/2025,68.44000244,70,68.09999847,69.51999664,3381000,0,0,0,0,0,0,0,0,0,0,0,-100,0,0,0,
4334,DHR,1/17/2025,238.3600006,243.0500031,238.1699982,242.1699982,3044800,0,0,0,0,0,0,0,0,0,0,0,-100,0,0,0,
4759,DPZ,1/17/2025,427.3500061,428,420.4100037,424.1600037,526600,0,0,0,0,0,0,-100,0,0,0,0,0,0,0,0,
5031,ECL,1/17/2025,237.4199982,241.8500061,237.4100037,240.5899963,2312500,0,0,0,0,0,0,0,0,0,0,0,-100,0,0,0,
5677,EXC,1/17/2025,39.41999817,39.65999985,39.18999863,39.59999847,6140500,0,0,0,0,0,0,-100,0,0,0,0,0,0,0,0,
5711,EXPE,1/17/2025,187.2799988,191.1100006,185.6600037,190,1909800,0,0,0,0,0,0,0,0,0,0,0,-100,0,0,0,
5762,EXR,1/17/2025,150.6000061,152.6100006,150.5899963,152.5399933,1183700,0,0,0,0,0,0,0,0,0,0,0,-100,0,0,0,
5898,FERG,1/17/2025,177.5500031,180.3200073,177.3500061,177.9799957,1447500,0,0,0,0,0,0,0,-100,0,0,0,0,0,0,0,
13956,FTI,1/17/2025,32.56999969,33.27000046,32.49000168,32.65000153,2897400,0,0,0,0,0,0,0,-100,0,0,0,0,100,0,0,
6510,GIL,1/17/2025,49.75,49.81000137,49.38000107,49.59000015,364500,0,0,0,0,0,0,-100,0,0,0,0,0,0,0,0,
10267,GLD,1/17/2025,249.2700043,250.8099976,249.1499939,249.6999969,8284200,0,0,100,0,0,0,0,0,0,0,0,0,0,0,0,
6731,GSK,1/17/2025,33.43000031,33.59999847,33.25,33.59999847,3930400,0,0,0,0,0,0,-100,0,0,0,0,0,0,0,0,
6935,HKHHY,1/17/2025,29.47999954,29.51000023,28.90999985,29.45299911,120800,0,0,0,0,0,0,-100,0,0,0,0,0,100,100,0,
7139,HMC,1/17/2025,28.23999977,28.32999992,28.14999962,28.17000008,852600,0,0,0,0,0,0,0,-100,0,0,0,0,0,0,0,
7292,HUBB,1/17/2025,437.3800049,438.75,432.0799866,438.75,375904,0,0,0,0,0,0,-100,0,0,0,0,0,0,0,0,
7666,ICE,1/17/2025,149.1100006,151.0700073,148.9400024,150.8800049,3302000,0,0,0,0,0,0,0,0,0,0,0,-100,0,0,0,
7683,IHG,1/17/2025,126.8199997,127.8600006,126.5699997,126.7399979,159500,0,0,0,0,0,0,0,-100,0,0,0,0,100,100,0,
12630,IOT,1/17/2025,46.86999893,46.86999893,45.45000076,46.20000076,2292500,0,0,0,0,0,0,-100,0,0,0,0,0,0,0,0,
7785,ISRG,1/17/2025,592.6400146,597.6799927,583.2399902,597.6799927,2630200,0,0,0,0,0,0,-100,0,0,0,0,0,0,0,0,
8601,KYOCY,1/17/2025,10.35999966,10.35999966,10.26000023,10.35999966,34100,0,0,0,0,0,0,-100,0,0,0,0,0,100,0,0,
8890,LYG,1/17/2025,2.849999905,2.890000105,2.839999914,2.839999914,23812300,0,0,0,0,0,0,0,-100,0,0,0,0,0,0,0,
14840,MOH,1/17/2025,286.2099915,286.8699951,280,283.1400146,838500,0,100,0,0,0,0,0,0,0,0,0,0,0,0,0,
9570,MU,1/17/2025,105.75,105.8799973,102.5,104.6399994,18842500,0,0,0,0,0,0,-100,0,0,0,0,0,0,0,0,
9995,NDAQ,1/17/2025,78.83000183,79.37000275,78.76000214,79,2714700,0,0,0,0,0,0,0,-100,0,0,0,0,0,0,0,
934,NGLOY,1/17/2025,15.53999996,15.80000019,15.42000008,15.43999958,176800,0,0,0,0,0,0,0,-100,0,0,0,0,0,0,0,
10454,NHYDY,1/17/2025,5.96999979,6.019999981,5.929999828,5.929999828,103100,0,0,0,0,0,0,0,-100,0,0,0,0,0,0,0,
10624,NVT,1/17/2025,72.31999969,72.44000244,71.09999847,72.30000305,1307300,0,0,0,0,0,0,-100,0,0,0,0,0,100,100,0,
10726,OKTA,1/17/2025,87.29000092,87.48999786,85.89700317,87.37999725,3365600,0,0,0,0,0,0,-100,0,0,0,0,0,100,-100,0,
11185,PAG,1/17/2025,160.5,160.8899994,159.4700012,160.8000031,219300,0,0,0,0,0,0,-100,0,0,0,0,0,0,0,0,
11117,PAYC,1/17/2025,209.1799927,210.4400024,206.0399933,210.4400024,544300,0,0,0,0,0,0,-100,0,0,0,0,0,0,0,0,
11559,PCOR,1/17/2025,76.98000336,79.17500305,76.94999695,79.11000061,854600,0,0,0,0,0,0,0,0,0,0,0,-100,0,0,0,
11610,PLD,1/17/2025,109.4800034,111.6100006,109.4199982,111.1999969,5270200,0,0,0,0,0,0,0,0,0,0,0,-100,0,0,0,
3229,SCHW,1/17/2025,76.41000366,76.55999756,75.11000061,75.76999664,12277400,0,0,0,0,0,0,-100,0,0,0,0,0,0,0,0,
12987,SIEGY,1/17/2025,103.1500015,103.5699997,102.8700027,102.8899994,89000,0,0,0,0,0,0,0,-100,0,0,0,0,0,0,0,
1188,SMFG,1/17/2025,14.68999958,14.72000027,14.60999966,14.69999981,974100,0,100,0,0,0,0,0,0,0,0,0,0,100,-100,0,
13718,SNPS,1/17/2025,526.7000122,529.9500122,523.8800049,529.2299805,1240500,0,0,0,0,0,0,-100,0,0,0,0,0,0,0,0,
13242,SOLV,1/17/2025,73.51000214,73.66999817,71.94999695,73.09999847,1514800,0,0,0,0,0,0,-100,0,0,0,0,0,0,0,0,
13531,SSUMY,1/17/2025,20.72999954,21.11000061,20.67000008,20.67000008,62600,0,0,0,0,0,0,0,-100,0,0,0,0,100,0,0,
13463,STLD,1/17/2025,125.8300018,127.7099991,125.5599976,125.9700012,1359800,0,0,0,0,0,0,0,-100,0,0,0,0,100,-100,0,
13565,SUTNY,1/17/2025,4.809999943,4.829999924,4.800000191,4.800000191,84100,0,0,0,0,0,0,0,-100,0,0,0,0,0,0,0,
13021,SWKS,1/17/2025,93.63999939,94.44000244,92.05000305,92.62000275,2145600,0,0,0,0,100,0,0,0,0,0,0,0,0,0,0,
14755,TKGBY,1/17/2025,3.640000105,3.789999962,3.640000105,3.650000095,7400,0,0,0,0,0,0,0,-100,0,0,0,0,0,0,0,
13769,TMUS,1/17/2025,218.9700012,219.5,217.6399994,219.2100067,4224600,0,0,0,0,0,0,-100,0,0,0,0,0,100,-100,0,
13803,TTWO,1/17/2025,186.4100037,186.9499969,184.8200073,186.9499969,1443700,0,0,0,0,0,0,-100,0,0,0,0,0,0,0,0,
15027,URI,1/17/2025,771,779.4199829,762.5100098,763.789978,897100,0,0,0,0,0,0,0,-100,0,0,0,0,0,0,0,
15248,VEOEY,1/17/2025,14.07999992,14.19999981,14.06000042,14.06000042,129000,0,0,0,0,0,0,0,-100,0,0,0,0,0,0,0,
15231,VTR,1/17/2025,58.90000153,58.99000168,58.34999847,58.68000031,2972900,0,0,0,0,0,0,-100,0,0,0,0,0,0,0,0,
15605,WCN,1/17/2025,178.2400055,179.7700043,178.2400055,178.9700012,659400,0,0,0,0,0,0,0,-100,0,0,0,0,0,0,0,
13173,WMMVY,1/17/2025,25.90999985,26.69000053,25.79000092,26.11000061,104300,0,0,100,0,0,0,0,0,0,0,0,0,0,0,0,
15,ABBNY,1/16/2025,54.40000153,54.52999878,54.18000031,54.47000122,142600,0,0,0,0,0,0,-100,0,0,0,0,0,0,0,0,
12153,ADM,1/16/2025,51.00999832,51.18000031,50.36000061,51.09000015,2051200,0,100,0,0,0,0,0,0,0,0,0,0,100,-100,0,
1511,ALB,1/16/2025,94.31999969,94.84999847,92.87999725,94.68000031,2082700,0,100,0,0,0,0,0,0,0,0,0,0,0,0,0,
474,ANCTF,1/16/2025,52.91999817,53.09000015,52.86000061,52.88299942,41500,0,0,0,0,0,0,0,-100,0,0,0,0,100,0,0,
1018,ANZGY,1/16/2025,18.60000038,18.63999939,18.35000038,18.5,78400,0,0,0,0,0,0,-100,0,0,0,0,0,0,0,0,
2310,APP,1/16/2025,332.0100098,343.1799927,331.6700134,333.730011,2496200,0,0,100,0,0,0,0,0,0,0,0,0,100,0,0,
2174,AZO,1/16/2025,3193.959961,3217.330078,3162,3212.75,110100,0,100,0,0,0,0,0,0,0,0,0,0,0,0,0,
1681,BBAR,1/16/2025,22.71999931,23.46999931,22.51000023,23.45000076,602400,0,0,0,0,0,0,0,0,-100,0,0,0,0,0,0,
1970,BBSEY,1/16/2025,6.400000095,6.400000095,6.139999866,6.28000021,80200,0,0,0,0,0,0,-100,0,0,0,0,0,0,0,0,
2140,BDRX,1/16/2025,4.340000153,4.349999905,4.269999981,4.309999943,9300,0,0,0,0,0,0,-100,0,0,0,0,0,0,0,0,
3245,BHKLY,1/16/2025,62.47000122,62.68999863,62.47000122,62.5,11400,0,0,100,0,0,0,0,0,0,0,0,0,100,0,0,
1749,BMA,1/16/2025,111.6299973,115.0100021,110.5800018,115.0100021,361300,0,0,0,0,0,0,0,0,-100,0,0,0,0,0,0,
2735,BMRN,1/16/2025,61.25,61.84999847,60.63000107,61.84999847,2912300,0,100,0,0,0,0,0,0,0,0,0,0,0,0,0,
1766,BSBR,1/16/2025,4.210000038,4.21999979,4.150000095,4.210000038,493800,0,0,0,0,0,0,-100,0,0,0,0,0,100,100,0,
3840,CAG,1/16/2025,25.79000092,25.81999969,25.35000038,25.42000008,4999600,0,0,0,100,0,0,0,0,0,0,0,0,0,0,0,
2684,CAN,1/16/2025,1.899999976,1.934999943,1.840000033,1.919999957,9697400,0,100,0,0,0,0,0,0,0,0,0,0,0,0,0,
3177,CF,1/16/2025,97.25,98.25,96.54000092,96.61000061,1760900,0,0,0,0,0,0,0,-100,0,0,0,0,0,0,0,
2888,CG,1/16/2025,54.27000046,54.77000046,53.88000107,54,2423100,0,0,0,0,0,0,0,-100,0,0,0,0,0,0,0,
3908,CHTR,1/16/2025,346.6799927,349.7799988,346.2099915,346.6600037,747900,0,0,100,0,0,0,0,0,0,0,0,0,100,100,0,
3058,CLS,1/16/2025,110.7200012,115.5199966,109.8199997,109.8300018,3476900,0,0,0,0,0,0,0,-100,0,0,0,0,0,0,0,
4809,CPT,1/16/2025,112.6500015,112.7099991,110.8099976,112.1999969,973000,0,100,0,0,0,0,0,0,0,0,0,0,0,0,0,
4112,CRDO,1/16/2025,75.59999847,78.45999908,75.27999878,76.71399689,4018800,0,0,0,0,0,0,0,-100,0,0,0,0,0,0,0,
5455,CTTAY,1/16/2025,6.769999981,6.820000172,6.760000229,6.769999981,69300,0,0,100,0,0,0,0,0,0,0,0,0,100,100,0,
10181,DHI,1/16/2025,146.6000061,146.6699982,143.2899933,145.4100037,3468000,0,100,0,0,0,0,0,0,0,0,0,0,0,0,0,
5251,EDU,1/16/2025,59.20000076,59.22000122,58.02000046,58.93999863,1694300,0,100,0,0,0,0,0,0,0,0,0,0,0,0,0,
6679,ENB,1/16/2025,44.02999878,44.20999908,43.63000107,44.15999985,4936700,0,100,0,0,0,0,0,0,0,0,0,0,0,0,0,
5370,EOG,1/16/2025,137.0749969,137.2040685,135.2380569,135.3174937,2730500,0,0,0,0,0,100,0,0,0,0,0,0,0,0,0,
8600,EQNR,1/16/2025,25.05999947,25.20000076,24.98999977,25.02000046,3678900,0,0,100,0,0,0,0,0,0,0,0,0,100,0,0,
5115,ESTC,1/16/2025,99.97000122,100.3600006,97.63999939,98.27999878,1546800,0,0,0,100,0,0,0,0,0,0,0,0,0,0,0,
6135,FTV,1/16/2025,78.69999695,78.70999908,77.95999908,78.5,2363400,0,0,0,0,0,0,-100,0,0,0,0,0,0,0,0,
6271,FUTU,1/16/2025,80.40000153,80.63500214,78.58000183,80.34999847,1259600,0,0,0,0,0,0,-100,0,0,0,0,0,100,100,0,
6713,GBTC,1/16/2025,79.55999756,79.79000092,77.09999847,78.73000336,2910100,0,100,0,0,0,0,0,0,0,0,0,0,0,0,0,
3976,GLW,1/16/2025,49.24000168,49.31000137,48.79999924,49.09000015,2983600,0,0,0,0,0,0,-100,0,0,0,0,0,0,0,0,
11490,GMBXF,1/16/2025,4.980000019,4.980000019,4.929999828,4.960000038,3300,0,100,0,0,0,0,0,0,0,0,0,0,0,0,0,
7138,HGKGY,1/16/2025,6.53000021,6.53000021,6.489999771,6.510000229,3100,0,100,0,0,0,0,0,0,0,0,0,0,0,0,0,
10283,HMC,1/16/2025,27.96999931,28,27.77000046,27.89999962,1130600,0,100,0,0,0,0,0,0,0,0,0,0,0,0,0,
6815,HSNGY,1/16/2025,11.96000004,12.02000046,11.93000031,11.93000031,12500,0,0,0,0,0,0,0,-100,0,0,0,0,100,0,0,
6832,HVRRY,1/16/2025,43.43999863,43.88999939,43.25,43.25,4500,0,0,0,0,0,0,0,-100,0,0,0,0,0,0,0,
7716,IFF,1/16/2025,84.44000244,84.51000214,83.83000183,84.22000122,1238800,0,0,0,0,0,0,-100,0,0,0,0,0,0,0,0,
7495,IMO,1/16/2025,68.65000153,68.83000183,67.16999817,68.69000244,815300,0,0,0,0,0,0,-100,0,0,0,0,0,100,-100,0,
7750,IPG,1/16/2025,27.88999939,28.11000061,27.76000023,27.79999924,4294700,0,0,0,0,0,0,0,-100,0,0,0,0,0,0,0,
7869,IRS,1/16/2025,15.18999958,15.84000015,15.10000038,15.76000023,126700,-100,0,0,0,0,0,0,0,-100,-100,0,0,0,0,0,
7784,ISRG,1/16/2025,584.0800171,585.5,573,582.5999756,2119400,0,0,0,0,0,0,-100,0,0,0,0,0,0,0,0,
8396,KGC,1/16/2025,10.22999954,10.75,10.21000004,10.72000027,24888600,0,0,0,0,0,0,0,0,-100,0,0,0,0,0,0,
8345,KMB,1/16/2025,126.6500015,126.8300018,125.0199966,125.3399963,2090400,0,0,0,100,0,0,0,0,0,0,0,0,0,0,0,
3687,KO,1/16/2025,62.25,62.29999924,61.31999969,61.41999817,12585500,0,0,0,100,0,0,0,0,0,0,0,0,0,0,0,
10215,KYOCY,1/16/2025,10.25,10.31999969,10.25,10.26000023,48400,0,0,100,0,0,0,0,0,0,0,0,0,100,0,0,
8787,LNVGY,1/16/2025,23.79000092,23.85000038,23.70000076,23.79000092,127400,0,0,0,0,0,0,-100,-100,0,0,0,0,100,100,0,
9841,MCO,1/16/2025,479,479.6700134,466.8399963,474.2799988,557100,0,0,0,0,0,0,-100,0,0,0,0,0,0,0,0,
10045,NABZY,1/16/2025,11.98999977,12.35999966,11.57999992,12.30000019,226700,0,0,0,0,0,0,-100,0,0,0,0,0,0,0,0,
10011,NKE,1/16/2025,71.11000061,71.23000336,70.31999969,70.90000153,13694600,0,100,0,0,0,0,0,0,0,0,0,0,0,0,0,
13411,NPSNY,1/16/2025,38.91999817,39.02000046,38.56000137,38.81000137,36000,0,100,0,0,0,0,0,0,0,0,0,0,0,0,0,
10606,NTNX,1/16/2025,66.55000305,67.23000336,65.94999695,65.94999695,1949900,0,0,0,0,0,0,0,-100,0,0,0,0,0,0,0,
14550,NWSA,1/16/2025,27.5,27.79999924,27.45999908,27.52000046,1595000,0,0,100,0,0,0,0,0,0,0,0,0,100,-100,0,
2293,OWL,1/16/2025,23.39999962,23.78000069,23.11000061,23.14999962,12672500,0,0,0,0,0,0,0,-100,0,0,0,0,0,0,0,
11133,PCTY,1/16/2025,199.3000031,203.2799988,197.2799988,197.6600037,567900,0,0,0,0,0,0,0,-100,0,0,0,0,0,0,0,
11286,PFE,1/16/2025,26.48999977,26.56999969,25.95999908,26.06999969,29981100,0,0,0,100,0,0,0,0,0,0,0,0,0,0,0,
11762,PSTG,1/16/2025,65.41999817,67.22699738,65.27999878,65.27999878,2607600,0,0,0,0,0,0,0,-100,0,0,0,0,100,0,0,
4349,REPYY,1/16/2025,12.03999996,12.05000019,11.93000031,12.02000046,169200,0,100,0,0,0,0,0,0,0,0,0,0,100,0,0,
12408,RYCEY,1/16/2025,7.070000172,7.079999924,6.980000019,7.03000021,4620500,0,0,0,0,0,0,-100,0,0,0,0,0,0,0,0,
13105,SDXAY,1/16/2025,14.39999962,14.5,14.30000019,14.31000042,95200,0,0,100,0,0,0,0,0,0,0,0,0,0,0,0,
7937,SJM,1/16/2025,102.5400009,102.6600037,99.80999756,100,820500,0,0,0,100,0,0,0,0,0,0,0,0,0,0,0,
13462,SNAP,1/16/2025,11.22000027,11.64999962,11.17000008,11.38000011,37764000,0,0,100,0,0,0,0,0,0,0,0,0,0,0,0,
,SSUMY,1/16/2025,20.62000084,20.65999985,20.54999924,20.62000084,84200,0,100,100,0,0,0,0,0,0,0,0,0,100,100,0,
14329,STLD,1/16/2025,125,125.6900024,124.3199997,124.5100021,875200,0,0,100,0,0,0,0,0,0,0,0,0,0,0,0,
13649,SU,1/16/2025,39.06999969,40.00999832,38.88000107,39.88000107,6958600,0,0,0,0,0,0,0,0,-100,0,0,0,0,0,0,
14499,SWK,1/16/2025,83.97000122,84.12000275,82.23999786,83.19000244,853100,0,100,0,0,0,0,0,0,0,0,0,0,0,0,0,
14091,TLGPY,1/16/2025,12.56999969,12.89999962,12.44999981,12.77999973,66700,0,0,0,0,0,0,0,0,0,0,0,-100,0,0,0,
4179,TM,1/16/2025,181.4799957,182.3500061,181.25,181.5200043,422400,0,0,100,0,0,0,0,0,0,0,0,0,100,-100,0,
13768,TMUS,1/16/2025,215.75,216.7400055,213.3899994,213.3899994,2411200,0,0,0,100,0,0,0,0,0,0,0,0,0,0,0,
5165,TOL,1/16/2025,134.3099976,134.3500061,131.8099976,133.4799957,1152700,0,100,0,0,0,0,0,0,0,0,0,0,0,0,0,
13972,TTNDY,1/16/2025,65.83999634,66.12999725,65.73000336,65.73000336,182700,0,0,0,0,0,0,0,-100,0,0,0,0,0,0,0,
4315,TXRH,1/16/2025,178.3200073,180.7599945,178.0299988,179.1399994,648000,0,0,100,0,0,0,0,0,0,0,0,0,0,0,0,
14822,UBER,1/16/2025,68.58000183,69.58000183,67.63999939,67.75,29013100,0,0,0,0,0,0,0,-100,0,0,0,0,0,0,0,
1459,ADSK,1/15/2025,290.9400024,296.1900024,290.7399902,293.4700012,1554000,0,0,0,0,0,0,0,-100,0,0,0,0,0,0,0,
252,AEM,1/15/2025,84.33999634,85.13999939,82.98999786,85,1204700,0,0,0,0,0,0,-100,0,0,0,0,0,0,0,0,
1357,AIZ,1/15/2025,209.0200043,209.25,206.9700012,208.0700073,264300,0,0,0,0,0,0,-100,0,0,0,0,0,0,0,0,
1289,AJG,1/15/2025,290.1900024,292,287.7600098,292,1869200,0,0,0,0,0,0,-100,0,0,0,0,0,0,0,0,
1374,ALAB,1/15/2025,131.7700043,135.8099976,131.2310028,132.6000061,3254400,0,0,0,0,0,0,0,-100,0,0,0,0,0,0,0,
456,ALGN,1/15/2025,215.7799988,218.9700012,214.4499969,214.5500031,469500,0,0,0,0,0,0,0,-100,0,0,0,0,0,0,0,
694,AMX,1/15/2025,14.03999996,14.10000038,13.90999985,14.06999969,1909700,0,0,0,0,0,0,-100,0,0,0,0,0,100,-100,0,
592,AMZN,1/15/2025,223.3500061,223.5700073,220.75,222.8300018,31291300,0,0,0,0,0,0,-100,0,0,0,0,0,0,0,0,
1204,ARCC,1/15/2025,22.65999985,22.68000031,22.37999916,22.57999992,4083500,0,0,0,0,0,0,-100,0,0,0,0,0,0,0,0,
1612,BAESY,1/15/2025,58.74000168,58.74000168,57.95999908,58.43000031,143000,0,0,0,0,0,0,-100,0,0,0,0,0,0,0,0,
1629,BIDU,1/15/2025,81.5,81.61000061,79.94000244,81.18000031,2745000,0,0,0,0,0,0,-100,0,0,0,0,0,0,0,0,
2224,BIRK,1/15/2025,58.13000107,58.25,57.20000076,57.84999847,845200,0,0,0,0,0,0,-100,0,0,0,0,0,0,0,0,
2513,BN,1/15/2025,56.90000153,57.58000183,56.79000092,57.22000122,2724400,0,0,0,0,0,0,0,-100,0,0,0,0,0,0,0,
2853,CAH,1/15/2025,124.7099991,124.7799988,122.4899979,124.3899994,2144100,0,0,0,0,0,0,-100,0,0,0,0,0,0,0,0,
2649,CDNS,1/15/2025,300.7200012,304,300.3500061,301.8800049,1819900,0,0,0,0,0,0,0,-100,0,0,0,0,0,0,0,
3414,CHD,1/15/2025,103.4400024,105.5699997,102.2799988,105.5699997,1548600,0,0,0,0,0,0,0,0,0,0,0,-100,0,0,0,
3363,CMG,1/15/2025,57.36999893,57.63000107,56.84999847,57.52999878,10492500,0,0,0,0,0,0,-100,0,0,0,0,0,0,0,0,
12747,CSDX,1/15/2025,0.704999983,1.179999948,0.702000022,0.702000022,1461,0,0,100,0,0,0,0,0,0,0,0,0,100,0,0,
3482,CTAS,1/15/2025,195.6999969,196.0500031,194,194.8600006,1466800,0,0,0,0,0,0,-100,0,0,0,0,0,0,0,0,
3720,CTSH,1/15/2025,77.77999878,78.13999939,76.93000031,78.01000214,2119400,0,0,0,0,0,0,-100,0,0,0,0,0,0,0,0,
3907,CTTAY,1/15/2025,6.809999943,6.880000114,6.800000191,6.840000153,53100,0,0,0,0,0,0,0,-100,0,0,0,0,0,0,0,
4247,CVS,1/15/2025,52.13999939,52.27999878,51.41999817,51.81000137,10969700,0,0,0,0,0,0,-100,0,0,0,0,0,0,0,0,
12883,DANOY,1/15/2025,13.19999981,13.27000046,13.13000011,13.23999977,533900,0,100,0,0,0,0,-100,0,0,0,0,0,100,0,0,
4400,DDOG,1/15/2025,140.9499969,144.4799957,140.7299957,142.0599976,3441200,0,0,0,0,0,0,0,-100,0,0,0,0,0,0,0,
4842,DKNG,1/15/2025,38.72000122,41.75500107,38.61000061,41,15576000,0,0,0,0,0,0,0,0,-100,0,0,0,0,0,0,
4638,DKS,1/15/2025,226.5099945,228.3200073,224.7700043,225.4499969,1488800,0,0,0,0,0,0,0,-100,0,0,0,0,0,0,0,
643,DOX,1/15/2025,84.26000214,84.61000061,83.80000305,84.61000061,335800,0,0,0,0,0,0,-100,0,0,0,0,0,0,0,0,
7324,DSEEY,1/15/2025,6.349999905,6.639999866,6.260000229,6.260000229,27700,0,0,100,0,0,0,0,0,0,0,0,0,0,0,0,
4298,DTRUY,1/15/2025,19.94000053,20.04000092,19.80999947,20.04000092,20400,0,0,0,0,0,0,-100,0,0,0,0,0,0,0,0,
4876,DUK,1/15/2025,106.4499969,108.0999985,106.3499985,108.0999985,3791800,0,0,0,0,0,0,0,0,0,0,0,-100,0,0,0,
4417,DVA,1/15/2025,162.3600006,163.3000031,160.8399963,163.3000031,478600,0,0,0,0,0,0,-100,0,0,0,0,0,0,0,0,
5301,E,1/15/2025,28.86000061,28.87999916,28.62000084,28.82999992,444200,0,0,0,0,0,0,-100,0,0,0,0,0,100,0,0,
3142,EBR,1/15/2025,5.869999886,5.869999886,5.710000038,5.840000153,1268100,0,0,0,0,0,0,-100,0,0,0,0,0,0,0,0,
5046,EC,1/15/2025,8.600000381,8.649999619,8.449999809,8.649999619,2479000,0,0,0,0,0,0,-100,0,0,0,0,0,0,0,0,
13172,ELV,1/15/2025,389.2900085,393,380.3699951,392.3800049,1857100,0,100,0,0,0,0,0,0,0,0,0,0,0,0,0,
5250,ENB,1/15/2025,44.33000183,44.74000168,44.29000092,44.40000153,2861200,0,0,0,0,0,0,0,-100,0,0,0,0,0,0,0,
6185,FCX,1/15/2025,40.02999878,40.45000076,39.52000046,40.45000076,10618000,0,0,0,0,0,0,-100,0,0,0,0,0,0,0,0,
5828,FICO,1/15/2025,2030.469971,2030.469971,1983.349976,2016.969971,238100,0,0,0,0,0,0,-100,0,0,0,0,0,0,0,0,
6066,FLUT,1/15/2025,255.3099976,265.0799866,248.3999939,265.0799866,1698700,0,0,0,0,0,0,0,0,-100,0,0,0,0,0,0,
6134,FTV,1/15/2025,77.87999725,78.5,77.33999634,78.40000153,2749900,0,0,0,0,0,0,-100,0,0,0,0,0,0,0,0,
6678,GBTC,1/15/2025,78.97000122,79.91000366,78.20999908,78.27999878,2764100,0,0,0,0,0,0,0,-100,0,0,0,0,0,0,0,
6406,GD,1/15/2025,264.6844788,266.435192,262.6254054,266.1168749,1013500,0,0,0,0,0,0,-100,0,0,0,0,0,0,0,0,
6695,GGAL,1/15/2025,71.62999725,72.51000214,70.09999847,72.51000214,1200900,0,0,0,0,0,0,-100,0,0,0,0,0,0,0,0,
3193,GIB,1/15/2025,108.3799973,108.7900009,107.6600037,108.7900009,112700,0,0,0,0,0,0,-100,0,0,0,0,0,0,0,0,
13325,GLD,1/15/2025,248.8800049,248.8999939,247.0099945,248.2100067,6345000,0,0,0,0,0,0,-100,0,0,0,0,0,0,0,0,
6457,GM,1/15/2025,51.70000076,52.95000076,51.61999893,52.20000076,7518900,0,0,0,0,0,0,0,-100,0,0,0,0,0,0,0,
16028,GWW,1/15/2025,1093.359985,1116.98999,1091.719971,1101.949951,539800,0,0,0,0,0,0,0,-100,0,0,0,0,0,0,0,
7035,HPE,1/15/2025,23.29999924,23.34000015,22.95000076,23.15500069,17963000,0,0,0,0,0,0,-100,0,0,0,0,0,0,0,0,
7273,HSBC,1/15/2025,50.04000092,50.08000183,49.52000046,49.95000076,2206600,0,0,0,0,0,0,-100,0,0,0,0,0,0,0,0,
6814,HSNGY,1/15/2025,11.81000042,11.94999981,11.80000019,11.85999966,36300,0,0,0,0,0,0,0,-100,0,0,0,0,0,0,0,
16232,HUM,1/15/2025,279.4899902,284.3699951,279.269989,280.75,1204400,0,0,100,0,0,0,0,0,0,0,0,0,0,0,0,
7426,IDXX,1/15/2025,422.9200134,431.5400085,422.3599854,424.8200073,587300,0,0,0,0,0,0,0,-100,0,0,0,0,0,0,0,
7596,IR,1/15/2025,90.52999878,91.75,90.44000244,90.66000366,2139200,0,0,0,0,0,0,0,-100,0,0,0,0,100,0,0,
10928,IX,1/15/2025,102.8000031,103.2399979,101.8700027,103.2200012,41900,0,0,0,0,0,0,-100,0,0,0,0,0,0,0,0,
8004,JHX,1/15/2025,32.86999893,32.93999863,32.06999969,32.77999878,89700,0,0,0,0,0,0,-100,0,0,0,0,0,100,0,0,
8140,JNPR,1/15/2025,38.66999817,38.72000122,38.43999863,38.72000122,2092800,0,0,0,0,0,0,-100,0,0,0,0,0,0,0,0,
8174,KAOOY,1/15/2025,7.480000019,7.5,7.449999809,7.480000019,242700,0,0,0,0,0,0,0,-100,0,0,0,0,100,100,0,
8395,KGC,1/15/2025,10.65999985,10.81000042,10.44999981,10.80000019,20197000,0,0,0,0,0,0,-100,0,0,0,0,0,0,0,0,
8446,KKR,1/15/2025,150.5,151.6499939,148.6799927,151.4900055,5081900,0,0,0,0,0,0,-100,0,0,0,0,0,0,0,0,
8463,KLAC,1/15/2025,716.25,727.3699951,713.539978,715,1368300,0,0,0,0,0,0,0,-100,0,0,0,0,100,100,0,
8973,LPLA,1/15/2025,338.25,338.6799927,331.9299927,336.0299988,512200,0,0,0,0,0,0,-100,0,0,0,0,0,0,0,0,
9126,MANH,1/15/2025,274.4599915,278.3099976,273.2399902,273.7099915,415400,0,0,0,0,0,0,0,-100,0,0,0,0,0,0,0,
9500,MET,1/15/2025,84.93000031,85.66999817,84.81999969,85.13999939,4415600,0,0,0,0,0,0,0,-100,0,0,0,0,0,0,0,
9908,MPLX,1/15/2025,50.18999863,50.65000153,50.13999939,50.20000076,1383600,0,0,0,0,0,0,0,-100,0,0,0,0,100,-100,0,
1153,MT,1/15/2025,23.22999954,23.23999977,22.90999985,23.14999962,1872100,0,0,0,0,0,0,-100,0,0,0,0,0,0,0,0,
9959,MURGY,1/15/2025,10.19999981,10.22000027,10.07999992,10.21000004,240000,0,0,0,0,0,0,-100,0,0,0,0,0,100,0,0,
14379,NCTY,1/15/2025,15.84000015,16.55999947,15.60000038,15.65999985,161000,0,0,0,0,0,0,0,-100,0,0,0,0,0,0,0,
966,NLY,1/15/2025,18.72999954,18.84000015,18.51000023,18.84000015,5047000,0,0,0,0,0,0,-100,0,0,0,0,0,0,0,0,
10095,NSRGY,1/15/2025,80.40000153,81.13999939,80.40000153,81.02999878,1113600,0,0,0,0,0,0,0,0,-100,0,0,0,0,0,0,
10316,NTTYY,1/15/2025,24.51000023,24.60000038,24.39999962,24.53000069,167100,0,0,0,0,0,0,-100,0,0,0,0,0,100,-100,0,
2292,OWL,1/15/2025,22.90999985,23.125,22.73999977,22.77000046,7170800,0,0,0,0,0,0,0,-100,0,0,0,0,0,0,0,
11302,PCG,1/15/2025,16.87000084,17.47999954,16.53000069,16.54999924,46400500,0,0,0,0,0,0,0,-100,0,0,0,0,0,0,0,
11591,PGR,1/15/2025,242.4700012,242.9400024,238.4299927,240.9100037,3498000,0,0,0,0,0,0,-100,0,0,0,0,0,0,0,0,
11081,PH,1/15/2025,656.3200073,669.1199951,655.5800171,660.4899902,701200,0,0,0,0,0,0,0,-100,0,0,0,0,0,0,0,
11030,PLTR,1/15/2025,68.13999939,68.84999847,67.08000183,68.55000305,56025800,0,0,0,0,0,0,-100,0,0,0,0,0,0,0,0,
11438,PNC,1/15/2025,200.4400024,200.6199951,197.75,199.3899994,3431200,0,0,0,0,0,0,-100,0,0,0,0,0,0,0,0,
11370,PPC,1/15/2025,45.83000183,46.90000153,45.75999832,46.13000107,969300,0,0,0,0,0,0,0,-100,0,0,0,0,0,0,0,
11251,PR,1/15/2025,15.64999962,15.68999958,15.43000031,15.63000011,7034800,0,0,0,0,0,0,-100,0,0,0,0,0,100,100,0,
12322,RKLB,1/15/2025,24.87000084,26.5,24.78000069,25.04000092,15252200,0,0,0,0,0,0,0,-100,0,0,0,0,100,0,0,
12458,RY,1/15/2025,119.7799988,120.1500015,119.0899963,120,2063500,0,0,0,0,0,0,-100,0,0,0,0,0,0,0,0,
6966,SCNI,1/15/2025,3.437000036,3.480000019,3.420000076,3.440000057,3800,0,0,100,0,0,0,0,0,0,0,0,0,100,-100,0,
1985,SDXAY,1/15/2025,14.81999969,14.89999962,14.67000008,14.89999962,47300,0,100,0,0,0,0,0,0,0,0,0,0,0,0,0,
9074,SGSOY,1/15/2025,9.470000267,9.510000229,9.420000076,9.489999771,94400,0,100,0,0,0,0,0,0,0,0,0,0,100,-100,0,
12968,SHOP,1/15/2025,104.2399979,104.8300018,102.8310013,104.4899979,6234900,0,0,0,0,0,0,-100,0,0,0,0,0,100,-100,0,
12815,SKHSY,1/15/2025,23.09000015,23.09000015,22.95000076,23.06999969,70000,0,0,0,0,0,0,-100,0,0,0,0,0,100,0,0,
13053,SMCAY,1/15/2025,18.29999924,18.35000038,18.10000038,18.29999924,562600,0,0,0,0,0,0,-100,0,0,0,0,0,100,100,0,
13903,SNX,1/15/2025,136.2599945,138.0399933,134.4700012,138,1007600,0,0,0,0,0,0,-100,0,0,0,0,0,0,0,0,
13189,SOFI,1/15/2025,15.51000023,15.55000019,14.98999977,15.35999966,38873100,0,0,0,0,0,0,-100,0,0,0,0,0,0,0,0,
13257,SONY,1/15/2025,20.5,20.51000023,20.29000092,20.47999954,4733900,0,0,0,0,0,0,-100,0,0,0,0,0,100,0,0,
13002,SPG,1/15/2025,171.75,176.9400024,170.8699951,176.6100006,1204400,0,0,0,0,0,0,0,0,-100,-100,0,0,0,0,0,
13393,SSEZY,1/15/2025,19.48999977,19.51000023,19.36000061,19.43000031,89300,0,0,0,0,0,0,-100,0,0,0,0,0,0,0,0,
13529,SSUMY,1/15/2025,20.75,20.84000015,20.68000031,20.76000023,63800,0,0,0,0,0,0,-100,-100,0,0,0,0,100,-100,0,
1408,T,1/15/2025,21.90999985,22.09000015,21.87999916,21.97999954,50559900,0,0,0,0,0,0,0,-100,0,0,0,0,0,0,0,
14719,TCOM,1/15/2025,65.01999664,65.34999847,64.59999847,65.31999969,1859800,0,0,0,0,0,0,-100,0,0,0,0,0,0,0,0,
14192,TER,1/15/2025,134.9299927,137.6600037,134.6900024,136.2400055,1871200,0,0,0,0,0,0,0,-100,0,0,0,0,0,0,0,
14175,THC,1/15/2025,130.0299988,131.1799927,128.8500061,130.8200073,767000,0,0,0,0,0,0,-100,0,0,0,0,0,0,0,0,
14396,TMO,1/15/2025,551.4699707,563.8099976,544.0599976,557.8800049,3251300,0,0,0,0,0,0,0,0,-100,-100,0,0,0,0,0,
14685,TRV,1/15/2025,239.9799957,242.1799927,239.6300049,240.1300049,1481100,0,0,0,0,0,0,0,-100,0,0,0,0,100,-100,0,
14804,TSN,1/15/2025,55.75999832,55.93000031,55.27999878,55.81999969,1663000,0,0,0,0,0,0,-100,0,0,0,0,0,100,-100,0,
14583,TTD,1/15/2025,119.6800003,120.8000031,118.0100021,120.7200012,3693600,0,0,0,0,0,0,-100,0,0,0,0,0,0,0,0,
15161,UXIN,1/15/2025,4.510000229,4.699999809,4.400000095,4.400000095,34000,0,0,0,0,0,0,0,-100,0,0,0,0,0,0,0,
15501,VOD,1/15/2025,8.479999542,8.489999771,8.399999619,8.449999809,7934500,0,0,0,0,0,0,-100,0,0,0,0,0,0,0,0,
15994,WDAY,1/15/2025,248.5700073,251.1999969,245.2599945,251.1999969,3172800,0,0,0,0,0,0,-100,0,0,0,0,0,0,0,0,
15756,WDC,1/15/2025,64.62999725,65.76000214,64,64.05999756,5006900,0,0,0,0,0,0,0,-100,0,0,0,0,0,0,0,
15960,WDS,1/15/2025,16.26000023,16.28000069,16.05999947,16.25,749600,0,0,0,0,0,0,-100,0,0,0,0,0,100,100,0,
15909,WIT,1/15/2025,3.440000057,3.450000048,3.390000105,3.450000048,4315700,0,0,0,0,0,0,-100,0,0,0,0,0,0,0,0,
15841,WPM,1/15/2025,58.13999939,58.16999817,56.43000031,57.79000092,1885000,0,0,0,0,0,0,-100,0,0,0,0,0,0,0,0,
16147,YUM,1/15/2025,125.7699966,126.4599991,124.5299988,126.4599991,1729700,0,0,0,0,0,0,-100,0,0,0,0,0,0,0,0,
353,ZKH,1/15/2025,3.50999999,3.900000095,3.5,3.579999924,78000,0,0,100,0,0,0,0,0,0,0,0,0,0,0,0,
16317,ZURVY,1/15/2025,29.57999992,29.60000038,29.27000046,29.59000015,136200,0,0,0,0,0,0,-100,0,0,0,0,0,100,0,0,
914,ADI,1/14/2025,214.6499939,214.8300018,211.5399933,213.1600037,1634600,0,0,0,0,0,0,-100,0,0,0,0,0,0,0,0,
1492,ADP,1/14/2025,291.6900024,291.8699951,287.4700012,290.2999878,2321600,0,0,0,0,0,0,-100,0,0,0,0,0,0,0,0,
1458,ADSK,1/14/2025,286.8699951,289.3099976,284.8200073,285.0700073,1137600,0,0,0,0,0,0,0,-100,0,0,0,0,0,0,0,
336,AKAM,1/14/2025,90.58000183,91.41000366,89.66000366,89.87999725,1188900,0,0,0,0,0,0,0,-100,0,0,0,0,0,0,0,
149,AKTX,1/14/2025,1.149999976,1.190000057,1.131000042,1.131000042,13800,0,0,100,0,0,0,0,0,0,0,0,0,0,0,0,
132,AMD,1/14/2025,116.0899963,118.6600037,114.5,118,37005300,0,0,0,0,0,0,0,0,0,0,0,-100,0,0,0,
1254,ANET,1/14/2025,114.9100037,115.1999969,112.7799988,114.6100006,6419500,0,0,0,0,0,0,-100,0,0,0,0,0,100,0,0,
982,ANSS,1/14/2025,339.5799866,340.0599976,336.1400146,338.9899902,252100,0,0,0,0,0,0,-100,0,0,0,0,0,0,0,0,
1135,APTV,1/14/2025,61.47000122,61.50999832,60.65999985,61.31999969,2191900,0,0,0,0,0,0,-100,0,0,0,0,0,0,0,0,
10808,ATEYY,1/14/2025,59.61000061,60.52000046,59.43999863,60,124700,0,0,100,0,0,0,0,0,0,0,0,0,0,0,0,
744,AXP,1/14/2025,300.3599854,300.5400085,296.730011,299.6000061,2370900,0,0,0,0,0,0,-100,0,0,0,0,0,0,0,0,
1339,AZPN,1/14/2025,249.9100037,250.7700043,249.3000031,249.3000031,258300,0,0,0,0,0,0,0,-100,0,0,0,0,0,0,0,
1968,BBSEY,1/14/2025,6.269999981,6.269999981,6.059999943,6.199999809,227000,0,0,0,0,0,0,-100,0,0,0,0,0,0,0,0,
7493,BCE,1/14/2025,22.54000092,22.62999916,21.87000084,22.61000061,5909200,0,100,0,0,0,0,0,0,0,0,0,0,0,0,0,
6167,BEN,1/14/2025,19.40999985,19.46999931,19,19.04999924,4294300,0,0,0,0,100,0,0,0,0,0,0,0,0,0,0,
2104,BHP,1/14/2025,49.61999893,49.66999817,49.24000168,49.50999832,1642300,0,0,0,0,0,0,-100,0,0,0,0,0,0,0,0,
2546,BRO,1/14/2025,103.6299973,103.6699982,102.0599976,102.9400024,1263400,0,0,0,0,0,0,-100,0,0,0,0,0,0,0,0,
2971,CASY,1/14/2025,395,400.0100098,393.480011,393.6199951,271900,0,0,0,0,0,0,0,-100,0,0,0,0,0,0,0,
3005,CAVA,1/14/2025,112.4199982,112.8000031,110.2200012,112.4800034,1333000,0,0,0,0,0,0,-100,0,0,0,0,0,100,-100,0,
2699,CCJ,1/14/2025,49.06000137,50.27999878,49.02999878,49.36999893,2307000,0,0,0,0,0,0,0,-100,0,0,0,0,0,0,0,
3617,CLPHY,1/14/2025,8.210000038,8.210000038,8.079999924,8.149999619,162700,0,0,0,0,0,0,-100,0,0,0,0,0,0,0,0,
3362,CMG,1/14/2025,56.43999863,56.83000183,55.97999954,56.81000137,6010300,0,0,0,0,0,0,-100,0,0,0,0,0,0,0,0,
3940,CPRT,1/14/2025,56.22000122,56.40999985,55.61999893,55.75999832,4107500,0,0,0,0,100,0,0,0,0,0,0,0,0,0,0,
3821,CRZBY,1/14/2025,17.62000084,17.62000084,17.45999908,17.45999908,24900,0,0,0,0,100,0,0,0,0,0,0,0,0,0,0,
14021,ERIC,1/14/2025,8.220000267,8.239999771,8.069999695,8.079999924,12529600,0,0,0,0,100,0,0,0,0,0,0,0,0,0,0,
5521,ERIE,1/14/2025,399.7799988,400.5299988,387.9200134,388.4500122,80100,0,0,0,0,100,0,0,0,0,0,0,0,0,0,0,
5555,ESS,1/14/2025,284.4599915,288.3999939,282.7999878,283.0799866,505800,0,0,0,0,0,0,0,-100,0,0,0,0,0,0,0,
5113,ESTC,1/14/2025,97.98999786,99.33999634,97.20999908,97.20999908,947600,0,0,0,0,0,0,0,-100,0,0,0,0,0,0,0,
5589,EVR,1/14/2025,266.2000122,267.4299927,261.5599976,267.4299927,515000,0,0,0,0,0,0,-100,0,0,0,0,0,0,0,0,
5657,EXAS,1/14/2025,54.20000076,59.93999863,53.38999939,58.88999939,3814100,0,0,0,0,0,0,0,0,-100,-100,0,0,0,0,0,
5725,EXPD,1/14/2025,111.2399979,112.2600021,110.8099976,111,943600,0,0,0,0,0,0,0,-100,0,0,0,0,100,0,0,
6082,FMX,1/14/2025,83.58999634,85.12000275,83.48999786,84.26000214,522000,0,0,0,0,0,0,0,-100,0,0,0,0,0,0,0,
1338,HLDCY,1/14/2025,2.700000048,2.74000001,2.700000048,2.700000048,299300,0,0,100,0,0,0,0,0,0,0,0,0,100,0,0,
7238,HOCPY,1/14/2025,128.3999939,128.8999939,127.7399979,128.7799988,22600,0,0,0,0,0,0,-100,0,0,0,0,0,0,0,0,
1066,IMO,1/14/2025,67.05999756,67.18000031,65.45999908,66.41999817,742900,0,100,0,0,0,0,0,0,0,0,0,0,0,0,0,
7595,IR,1/14/2025,89.40000153,90.23000336,88.82499695,88.91999817,1919100,0,0,0,0,0,0,0,-100,0,0,0,0,0,0,0,
8088,JLL,1/14/2025,240.4600067,241.6100006,237.2899933,241.1000061,349600,0,0,0,0,0,0,-100,0,0,0,0,0,100,0,0,
8394,KGC,1/14/2025,10.60000038,10.60000038,10.10000038,10.11999989,19645500,0,0,0,0,100,0,0,0,0,0,0,0,0,0,0,
8564,KR,1/14/2025,59.91999817,60.41999817,59.5,59.5,4997200,0,0,0,0,0,0,0,-100,0,0,0,0,0,0,0,
8275,KRYAY,1/14/2025,94.09999847,94.23999786,93.58999634,94.22000122,12000,0,0,0,0,0,0,-100,0,0,0,0,0,100,0,0,
8751,LEN,1/14/2025,135.1799927,135.1799927,131.8899994,134.1000061,4347700,0,0,0,0,0,0,-100,0,0,0,0,0,0,0,0,
8904,LMT,1/14/2025,484.4599915,485.2000122,477.9700012,485,1162000,0,0,0,0,0,0,-100,0,0,0,0,0,100,0,0,
8938,LOGI,1/14/2025,87.01999664,87.15000153,86.34999847,86.73000336,370400,0,0,0,0,0,0,-100,0,0,0,0,0,0,0,0,
8649,LRCX,1/14/2025,75.05999756,75.12999725,73.58999634,75.04000092,9033100,0,0,0,0,0,0,-100,0,0,0,0,0,100,100,0,
13307,LUV,1/14/2025,33.13000107,33.20999908,32.72000122,32.95000076,6697800,0,0,0,0,0,0,-100,0,0,0,0,0,0,0,0,
9312,MA,1/14/2025,509.019989,509.3900146,504.2099915,507.0700073,2704800,0,0,0,0,0,0,-100,0,0,0,0,0,0,0,0,
9754,MNDY,1/14/2025,220.1600037,224.8800049,216.1799927,216.2299957,942300,0,0,0,0,100,0,0,0,0,0,0,0,0,0,0,
10315,MQBKY,1/14/2025,139.2400055,139.5899963,138.5700073,138.9799957,21000,0,100,0,0,0,0,-100,0,0,0,0,0,100,100,0,
9448,MRK,1/14/2025,99.65000153,101.4899979,99.01000214,101.2600021,10927400,0,0,0,0,0,0,0,0,0,0,0,-100,0,0,0,
9856,MS,1/14/2025,124.6200027,125.4000015,123.6900024,125.4000015,8999900,0,0,0,0,0,0,-100,0,0,0,0,0,0,0,0,
9890,MSI,1/14/2025,460.8399963,461.3299866,454.3200073,457.8599854,512000,0,0,0,0,0,0,-100,0,0,0,0,0,0,0,0,
9567,MU,1/14/2025,97.36000061,97.41000366,95.37999725,97.05000305,18613400,0,0,0,0,0,0,-100,0,0,0,0,0,100,0,0,
14378,NCTY,1/14/2025,15.07999992,15.80000019,14.55000019,14.55000019,122200,0,0,0,0,0,0,0,-100,0,0,0,0,0,0,0,
10400,NMR,1/14/2025,5.650000095,5.679999828,5.630000114,5.630000114,444700,0,0,0,0,0,0,0,-100,0,0,0,0,0,0,0,
10128,NTES,1/14/2025,96.02999878,96.15000153,94.5,95.5,1409700,0,0,0,0,0,0,-100,0,0,0,0,0,0,0,0,
6982,NTTYY,1/14/2025,24.39999962,24.47999954,23.46999931,24.45000076,236900,0,100,0,0,0,0,0,0,0,0,0,0,100,0,0,
10570,NU,1/14/2025,10.90999985,11.19999981,10.88000011,11.18000031,20546000,0,0,0,0,0,0,0,0,0,0,0,-100,0,0,0,
1287,OMVKY,1/14/2025,9.859999657,10.07999992,9.859999657,9.920000076,23500,0,0,100,0,0,0,0,0,0,0,0,0,0,0,0,
2291,OWL,1/14/2025,22.54999924,22.67499924,22.26499939,22.63999939,3357700,0,0,0,0,0,0,-100,0,0,0,0,0,0,0,0,
11692,PEG,1/14/2025,85.05999756,85.62999725,84.23999786,84.41999817,1497200,0,0,0,0,100,0,0,0,0,0,0,0,0,0,0,
11403,PINS,1/14/2025,29.79000092,30.5,29.53000069,30.47999954,9955600,0,0,0,0,0,0,0,0,0,0,0,-100,0,0,0,
11471,PKX,1/14/2025,44.59999847,44.83000183,44.29000092,44.83000183,255300,0,0,0,0,0,0,-100,0,0,0,0,0,0,0,0,
11641,PUK,1/14/2025,14.73999977,14.73999977,14.53999996,14.59000015,1250200,0,0,0,0,100,0,0,0,0,0,0,0,0,0,0,
11998,REG,1/14/2025,70.66000366,71.02999878,70.16999817,70.94999695,1151600,0,0,0,0,0,0,-100,0,0,0,0,0,0,0,0,
12049,RGA,1/14/2025,219.6100006,220.3399963,213.7799988,214.6999969,402700,0,0,0,0,100,0,0,0,0,0,0,0,0,0,0,
12066,RS,1/14/2025,277.7600098,278.3800049,273.3599854,275.7200012,390000,0,0,0,0,0,0,-100,0,0,0,0,0,0,0,0,
13290,RSG,1/14/2025,207,207.0800018,205.1600037,207,849200,0,0,0,0,0,0,-100,0,0,0,0,0,100,100,0,
12457,RY,1/14/2025,118.6299973,118.9599991,117.6299973,118.9400024,2009800,0,0,0,0,0,0,-100,0,0,0,0,0,0,0,0,
12559,RYAAY,1/14/2025,42.63999939,42.70999908,42.13999939,42.47000122,1121200,0,0,0,0,0,0,-100,0,0,0,0,0,0,0,0,
13528,SCCO,1/14/2025,95.33999634,95.55999756,94.29000092,95.5,625600,0,0,0,0,0,0,-100,0,0,0,0,0,100,0,0,
13545,SMFG,1/14/2025,14.30000019,14.38000011,14.22999954,14.25,1410500,0,0,0,0,0,0,0,-100,0,0,0,0,0,0,0,
15330,SSUMY,1/14/2025,20.61000061,20.70000076,20.52000046,20.68000031,149000,0,0,0,0,0,0,-100,0,0,0,0,0,100,0,0,
13409,SWK,1/14/2025,82.36000061,82.5,80.91999817,81.77999878,1014600,0,0,0,0,0,0,-100,0,0,0,0,0,0,0,0,
1407,T,1/14/2025,21.79999924,21.81999969,21.37999916,21.52000046,25627300,100,0,0,0,100,0,0,0,0,0,0,0,0,0,0,
14514,TD,1/14/2025,54.70000076,54.97000122,54.5,54.50999832,2523400,0,0,0,0,0,0,0,-100,0,0,0,0,0,0,0,
1424,TEAM,1/14/2025,246.3999939,247.3300018,238.4100037,239.7299957,2049600,0,0,0,0,100,0,0,0,0,0,0,0,0,0,0,
14140,TS,1/14/2025,39.22999954,39.25999832,38.70000076,39.06000137,1019500,0,0,0,0,0,0,-100,0,0,0,0,0,0,0,0,
13800,TTWO,1/14/2025,180.0299988,181.5299988,178.6499939,178.9100037,876200,0,0,0,0,0,0,0,-100,0,0,0,0,0,0,0,
14769,TWLO,1/14/2025,108.6900024,111.7600021,108.5599976,109.2799988,1573900,0,0,0,0,0,0,0,-100,0,0,0,0,0,0,0,
14208,TX,1/14/2025,28.72999954,29.35000038,28.51000023,29.35000038,189100,0,0,0,0,0,0,0,0,0,0,0,-100,0,0,0,
14939,UNP,1/14/2025,229.3800049,229.5800018,227.6300049,228.8300018,1823400,0,0,0,0,0,0,-100,0,0,0,0,0,0,0,0,
15007,UPS,1/14/2025,125.8399963,125.9300003,124.5599976,125.3700027,4247600,0,0,0,0,0,0,-100,0,0,0,0,0,0,0,0,
15024,URI,1/14/2025,729.8599854,730.9199829,710.5900269,727,942200,0,0,0,0,0,0,-100,0,0,0,0,0,0,0,0,
15653,VZ,1/14/2025,38.27999878,38.34999847,37.83000183,38.33000183,15740100,0,0,0,0,0,0,-100,0,0,0,0,0,100,0,0,
15687,WFC,1/14/2025,71.19000244,71.45999908,70.29000092,71.45999908,21909800,0,0,0,0,0,0,-100,0,0,0,0,0,0,0,0,
9107,WSO,1/14/2025,479.6483765,480.2550386,472.358689,478.9721223,197700,0,0,0,0,0,0,-100,0,0,0,0,0,100,0,0,
16078,XPO,1/14/2025,135.5299988,137.25,133.8000031,137.1499939,1320400,0,0,0,0,0,0,-100,0,0,0,0,0,0,0,0,
16163,ZBRA,1/14/2025,394.3999939,395,378.0400085,381.8800049,414500,0,0,0,0,100,0,0,0,0,0,0,0,0,0,0,
777,AAPL,1/13/2025,234.3999939,234.6699982,229.7200012,233.5299988,49630700,0,100,0,0,0,0,0,0,0,0,0,0,0,0,0,
1168,ACGL,1/13/2025,90.83000183,91.33000183,89.47000122,89.83999634,1512600,0,0,0,100,0,0,0,0,0,0,0,0,0,0,0,
97,ADBE,1/13/2025,408.5,409.9599915,403.75,404.269989,4558800,0,0,0,100,0,0,0,0,0,0,0,0,0,0,0,
182,AER,1/13/2025,94.69999695,94.94999695,93.04000092,93.29000092,954500,0,0,0,100,0,0,0,0,0,0,0,0,0,0,0,
8784,AJG,1/13/2025,285.8099976,288.3099976,285.2200012,285.2200012,1918400,0,0,100,0,0,0,0,0,0,0,0,0,0,0,0,
386,ALB,1/13/2025,91.51000214,91.51000214,85.73999786,86.04000092,2824600,0,0,0,0,100,0,0,0,0,0,0,0,0,0,0,
896,AMH,1/13/2025,35.43000031,35.47999954,34.93000031,35.29000092,2733000,0,100,0,0,0,0,0,0,0,0,0,0,0,0,0,
1474,APH,1/13/2025,68.33999634,68.69999695,67.38999939,68.69999695,6787200,0,100,0,0,0,0,0,0,0,0,0,0,0,0,0,
2494,ATHM,1/13/2025,25.20999908,25.37000084,24.95999908,25.36000061,425300,0,100,0,0,0,0,0,0,0,0,0,0,0,0,0,
743,AXP,1/13/2025,297.019989,297.7099915,291.1600037,292.519989,2202800,0,0,0,100,0,0,0,0,0,0,0,0,0,0,0,
8971,AZPN,1/13/2025,249.0599976,250.9100037,248.8300018,248.9600067,496900,0,0,100,0,0,0,0,0,0,0,0,0,100,100,0,
2069,BAM,1/13/2025,51.95999908,51.95999908,50.31000137,51.27000046,3339200,0,100,0,0,0,0,0,0,0,0,0,0,0,0,0,
1882,BCS,1/13/2025,12.82999992,12.84000015,12.55000019,12.57999992,17957400,0,0,0,100,0,0,0,0,0,0,0,0,0,0,0,
2732,BSY,1/13/2025,45.36000061,45.57500076,44.84999847,45.5,931400,0,100,0,0,0,0,0,0,0,0,0,0,0,0,0,
3650,CAN,1/13/2025,1.75999999,1.799999952,1.700000048,1.789999962,10773000,0,100,0,0,0,0,0,0,0,0,0,0,0,0,0,
2936,CARR,1/13/2025,67.11000061,67.33999634,65.26999664,65.58999634,5862000,0,0,0,100,0,0,0,0,0,0,0,0,0,0,0,
3446,CI,1/13/2025,282.4500122,282.7000122,279.7000122,281.3099976,1892500,0,0,0,0,0,0,-100,0,0,0,0,0,0,0,0,
3752,CMS,1/13/2025,64.98999786,65.23000336,63.97000122,65.23000336,2183000,0,100,0,0,0,0,0,0,0,0,0,0,0,0,0,
3905,COIN,1/13/2025,251.1999969,251.8099976,240.7700043,246.9799957,7019500,0,100,0,0,0,0,0,0,0,0,0,0,0,0,0,
3990,CPAY,1/13/2025,352.230011,353.0299988,342.1199951,344.8500061,346500,0,0,0,100,0,0,0,0,0,0,0,0,0,0,0,
4075,CPNG,1/13/2025,21.79999924,21.82999992,21.16500092,21.20000076,5662100,0,0,0,100,0,0,0,0,0,0,0,0,0,0,0,
3344,CSUAY,1/13/2025,15.52999973,15.56999969,15.14999962,15.14999962,24100,0,0,0,100,0,0,0,0,0,0,0,0,0,0,0,
3480,CTAS,1/13/2025,190.6000061,191.1799927,187.6699982,188.6000061,1587800,0,0,0,100,0,0,0,0,0,0,0,0,0,0,0,
4772,CTTAY,1/13/2025,6.539999962,6.539999962,6.440000057,6.510000229,319000,0,100,0,0,0,0,0,0,0,0,0,0,0,0,0,
4449,DASH,1/13/2025,168.3699951,169.9299927,166.4100037,169.6499939,1863800,0,100,0,0,0,0,0,0,0,0,0,0,0,0,0,
4857,DECK,1/13/2025,204.5899963,204.8399963,195.1799927,203.8200073,1980200,0,100,0,0,0,0,0,0,0,0,0,0,0,0,0,
4313,DSEEY,1/13/2025,6.489999771,6.489999771,6.230000019,6.440000057,4600,0,0,0,0,0,0,-100,0,0,0,0,0,0,0,0,
4942,DTE,1/13/2025,118.2200012,119.0800018,116.7600021,119.0800018,710500,0,100,0,0,0,0,0,0,0,0,0,0,0,0,0,
4568,DVN,1/13/2025,36.77000046,37.52000046,36.34999847,36.38999939,12201100,0,0,0,0,0,0,0,-100,0,0,0,0,0,0,0,
5146,EA,1/13/2025,141.9600067,142.5700073,140.1000061,140.1499939,2076600,0,0,0,100,0,0,0,0,0,0,0,0,0,0,0,
5078,EDPFY,1/13/2025,31.12000084,31.21999931,30.87999916,31.19000053,351200,0,0,0,0,0,0,-100,0,0,0,0,0,0,0,0,
5282,ENGIY,1/13/2025,16.27000046,16.34000015,16.12000084,16.34000015,176300,0,0,0,0,0,0,-100,0,0,0,0,0,0,0,0,
14020,EONGY,1/13/2025,10.80000019,10.84000015,10.64999962,10.84000015,520100,0,100,0,0,0,0,0,0,0,0,0,0,0,0,0,
6472,ERIC,1/13/2025,7.960000038,7.96999979,7.869999886,7.929999828,20086700,0,100,0,0,0,0,0,0,0,0,0,0,0,0,0,
5707,EXPE,1/13/2025,181.3000031,181.3300018,177.4100037,179.1999969,1099400,0,0,0,100,0,0,0,0,0,0,0,0,0,0,0,
5979,FHN,1/13/2025,20.28000069,20.30999947,19.79999924,19.87999916,4824700,0,0,0,100,0,0,0,0,0,0,0,0,0,0,0,
556,GMAB,1/13/2025,21.71999931,21.73500061,21.31999969,21.63999939,955000,0,100,0,0,0,0,0,0,0,0,0,0,0,0,0,
6948,GOOGL,1/13/2025,191.0099945,191.1799927,187.3600006,190.0700073,21823700,0,100,0,0,0,0,0,0,0,0,0,0,0,0,0,
6965,HEINY,1/13/2025,33.15999985,33.16999817,32.77000046,33.04999924,421600,0,100,0,0,0,0,0,0,0,0,0,0,0,0,0,
7237,HENKY,1/13/2025,18.68000031,18.70000076,18.55999947,18.70000076,63000,0,100,0,0,0,0,0,0,0,0,0,0,100,0,0,
7781,HLDCY,1/13/2025,2.769999981,2.769999981,2.74000001,2.75999999,132900,0,100,0,0,0,0,0,0,0,0,0,0,0,0,0,
9923,HOCPY,1/13/2025,127.8399963,128.1999969,126.3499985,128.1499939,19200,0,100,0,0,0,0,0,0,0,0,0,0,100,0,0,
7662,ICE,1/13/2025,143.8899994,143.9400024,142.2899933,142.4100037,3358000,0,0,0,100,0,0,0,0,0,0,0,0,0,0,0,
7594,IR,1/13/2025,88.18000031,88.38999939,86,86.12999725,2969300,0,0,0,100,0,0,0,0,0,0,0,0,0,0,0,
7866,IRS,1/13/2025,14.78999996,15.76000023,14.61999989,15.44999981,211000,0,0,0,0,0,0,0,0,-100,0,0,0,0,0,0,
8427,ISRG,1/13/2025,539.75,543.75,530.25,543.4000244,1461300,0,100,0,0,0,0,0,0,0,0,0,0,0,0,0,
8019,JAPAY,1/13/2025,12.35999966,12.39999962,12.26500034,12.39999962,146800,0,0,0,0,0,0,-100,0,0,0,0,0,0,0,0,
8070,JNJ,1/13/2025,144.4700012,145.0700073,142.3099976,142.9799957,10376400,0,0,0,0,100,0,0,0,0,0,0,0,0,0,0,
8682,KNBWY,1/13/2025,12.51000023,12.55000019,12.47999954,12.53999996,169300,0,100,0,0,0,0,0,0,0,0,0,0,0,0,0,
8920,L,1/13/2025,82.08000183,82.22000122,80.51000214,80.72000122,751300,0,0,0,100,0,0,0,0,0,0,0,0,0,0,0,
8699,LGGNY,1/13/2025,13.73999977,13.93999958,13.51000023,13.51000023,132500,0,0,0,100,0,0,0,0,0,0,0,0,0,0,0,
9141,LNVGY,1/13/2025,23.86000061,24.73999977,23.39999962,23.39999962,60900,0,0,100,0,0,0,0,0,0,0,0,0,0,0,0,
13034,LPLA,1/13/2025,327.1199951,331.2099915,326.6700134,327.5,395900,0,0,100,0,0,0,0,0,0,0,0,0,100,-100,0,
9787,LVS,1/13/2025,46.86999893,47.27999878,46.5,47.18000031,4953400,0,100,0,0,0,0,0,0,0,0,0,0,0,0,0,
9566,MDB,1/13/2025,240.1900024,243.5200043,235.3000031,242.6699982,1930300,0,100,0,0,0,0,0,0,0,0,0,0,0,0,0,
9498,MET,1/13/2025,81.91000366,82.05000305,79.73999786,80.04000092,3616500,0,0,0,100,0,0,0,0,0,0,0,0,0,0,0,
12371,MFC,1/13/2025,29.54000092,29.77000046,29.40999985,29.43000031,4896800,0,0,100,0,0,0,0,0,0,0,0,0,0,0,0,
15278,MLYBY,1/13/2025,4.760000229,4.920000076,4.760000229,4.760000229,1900,0,0,0,0,0,0,0,-100,0,0,0,0,100,0,0,
9447,MRK,1/13/2025,100.9800034,101.1600037,98.98999786,99.45999908,8168100,0,0,0,0,100,0,0,0,0,0,0,0,0,0,0,
10875,MSADY,1/13/2025,20.17000008,20.17000008,19.95999908,20.10000038,79500,0,100,0,0,0,0,0,0,0,0,0,0,100,0,0,
14377,MU,1/13/2025,95.05999756,96,92.87999725,95.83999634,22699100,0,100,0,0,0,0,0,0,0,0,0,0,0,0,0,
10195,NCTY,1/13/2025,14.10000038,14.51000023,13.68000031,14.5,72800,0,100,0,0,0,0,0,0,0,0,0,0,0,0,0,
10416,NDSN,1/13/2025,203.8300018,204.0599976,199.0099945,199.1499939,414700,0,0,0,0,100,0,0,0,0,0,0,0,0,0,0,
10110,NEM,1/13/2025,39.16999817,39.18999863,38.52999878,38.93000031,8309400,0,100,0,0,0,0,0,0,0,0,0,0,0,0,0,
10093,NSRGY,1/13/2025,81.22000122,81.30999756,80.30000305,80.36000061,1344600,0,0,0,100,0,0,0,0,0,0,0,0,0,0,0,
10535,NTAP,1/13/2025,114.9199982,115.0800018,112.8600006,114.3499985,1421000,0,100,0,0,0,0,0,0,0,0,0,0,0,0,0,
10467,NTRS,1/13/2025,100.3199997,100.4499969,98.41999817,98.61000061,1092500,0,0,0,100,0,0,0,0,0,0,0,0,0,0,0,
10722,NVO,1/13/2025,84.62000275,84.72000122,83.69000244,84.41999817,7412400,0,100,0,0,0,0,0,0,0,0,0,0,0,0,0,
10977,OC,1/13/2025,169.5,169.5700073,163.8899994,166.3600006,509400,0,0,0,100,0,0,0,0,0,0,0,0,0,0,0,
7236,OEZVY,1/13/2025,15,16.15999985,15,15.02999973,1200,0,0,0,0,0,0,0,-100,0,0,0,0,100,0,0,
7628,OKTA,1/13/2025,83.48999786,83.69999695,81.36000061,82.98999786,2197500,0,100,0,0,0,0,0,0,0,0,0,0,0,0,0,
10841,ON,1/13/2025,55.86999893,56.45000076,53.09999847,53.20000076,12195900,0,0,0,100,0,0,0,0,0,0,0,0,0,0,0,
10892,ORANY,1/13/2025,10.02999973,10.06000042,9.930000305,10.05000019,557700,0,0,0,0,0,0,-100,0,0,0,0,0,0,0,0,
11130,ORCL,1/13/2025,153.9199982,154.1499939,152.4199982,153.7400055,8828500,0,100,0,0,0,0,0,0,0,0,0,0,100,100,0,
12252,PCTY,1/13/2025,190.1699982,190.7700043,188.2599945,190.6100006,514600,0,100,0,0,0,0,0,0,0,0,0,0,100,0,0,
11283,PFE,1/13/2025,26.79999924,26.80999947,26.36000061,26.64999962,28359600,0,0,0,100,0,0,0,0,0,0,0,0,0,0,0,
11742,PHM,1/13/2025,108.9899979,109.0800018,107.0500031,107.3199997,1570500,0,0,0,100,0,0,0,0,0,0,0,0,0,0,0,
11470,PKX,1/13/2025,44.41999817,44.43000031,43.65000153,43.65000153,278700,0,0,0,100,0,0,0,0,0,0,0,0,0,0,0,
11521,PODD,1/13/2025,267.9899902,271.3200073,260.8399963,271.3200073,453400,0,100,0,0,0,0,0,0,0,0,0,0,0,0,0,
11725,PPL,1/13/2025,31.68000031,31.79999924,31.21999931,31.77000046,4824100,0,100,0,0,0,0,0,0,0,0,0,0,0,0,0,
12184,PUBGY,1/13/2025,25.32999992,25.32999992,25.05999947,25.25,133600,0,100,0,0,0,0,0,0,0,0,0,0,0,0,0,
12014,REGN,1/13/2025,716.9000244,717.3699951,666.25,669.2399902,1406000,0,0,0,100,0,0,0,0,0,0,0,0,0,0,0,
12439,RIVN,1/13/2025,13.48999977,13.63000011,13.01000023,13.53999996,28042700,0,100,0,0,0,0,0,0,0,0,0,0,100,-100,0,
13170,RMD,1/13/2025,230.2599945,231.5500031,227.2599945,231.5200043,580200,0,100,0,0,0,0,0,0,0,0,0,0,0,0,0,
12745,ROKU,1/13/2025,76.66000366,78.81999969,76.30000305,77.66999817,2486000,0,0,100,0,0,0,0,0,0,0,0,0,0,0,0,
14428,ROST,1/13/2025,151.1600037,151.4400024,146.6199951,151.25,2086700,0,100,0,0,0,0,0,0,0,0,0,0,100,-100,0,
12490,RPRX,1/13/2025,29.98999977,30.78000069,29.77000046,29.82999992,7816900,0,0,0,0,0,0,0,-100,0,0,0,0,0,0,0,
12541,RWEOY,1/13/2025,29.20000076,29.29999924,29.06999969,29.29999924,118300,0,0,0,0,0,0,-100,0,0,0,0,0,0,0,0,
1780,SAN,1/13/2025,4.650000095,4.659999847,4.579999924,4.599999905,2640300,0,0,0,100,0,0,0,0,0,0,0,0,0,0,0,
12847,SCI,1/13/2025,77.22000122,77.40000153,75.98999786,76.05999756,889300,0,0,0,100,0,0,0,0,0,0,0,0,0,0,0,
13782,SCNI,1/13/2025,3.420000076,3.650000095,3.404999971,3.460000038,7200,0,0,100,0,0,0,0,0,0,0,0,0,0,0,0,
13663,SDXAY,1/13/2025,14.89000034,14.97000027,14.68000031,14.97000027,117000,0,100,0,0,0,0,0,0,0,0,0,0,0,0,0,
13017,SMCI,1/13/2025,31.07999992,31.23999977,29.01000023,30.84000015,33913100,0,100,0,0,0,0,0,0,0,0,0,0,0,0,0,
3717,SMECF,1/13/2025,370.3999939,401.1499939,367.0599976,370,10100,0,0,100,0,0,0,0,0,0,0,0,0,100,100,0,
13238,SOLV,1/13/2025,68.51000214,68.56999969,66.22200012,66.76999664,780900,0,0,0,100,0,0,0,0,0,0,0,0,0,0,0,
13459,STLD,1/13/2025,123.2699966,123.8099976,115.3700027,116.2300034,2704200,0,0,0,0,100,0,0,0,0,0,0,0,0,0,0,
14853,SWKS,1/13/2025,90.33999634,90.54000092,88.48999786,89.86000061,1639700,0,100,0,0,0,0,0,0,0,0,0,0,0,0,0,
13833,TJX,1/13/2025,119.8899994,120.1999969,117.8899994,120.0599976,4603700,0,100,0,0,0,0,0,0,0,0,0,0,100,0,0,
13969,TPR,1/13/2025,66.75,66.81999969,65.08999634,66.73000336,3972500,0,100,0,0,0,0,0,0,0,0,0,0,100,100,0,
13748,TROW,1/13/2025,110.6299973,110.9899979,107.6299973,107.6900024,2154800,0,0,0,100,0,0,0,0,0,0,0,0,0,0,0,
14598,TSM,1/13/2025,201.3600006,203.5899963,200.0500031,200.5200043,16612400,0,0,100,0,0,0,0,0,0,0,0,0,0,0,0,
16179,TTNDY,1/13/2025,62.91999817,63,62.65000153,62.88000107,64800,0,100,0,0,0,0,0,0,0,0,0,0,100,100,0,
15159,TW,1/13/2025,129.9799957,131.9299927,129.8399963,130.4299927,667600,0,0,100,0,0,0,0,0,0,0,0,0,0,0,0,
15618,UBS,1/13/2025,31.97999954,32.00999832,31.73999977,31.92000008,2473800,0,100,0,0,0,0,0,0,0,0,0,0,0,0,0,
470,UXIN,1/13/2025,4.28000021,4.380000114,4.256999969,4.329999924,52300,0,0,100,0,0,0,0,0,0,0,0,0,0,0,0,
15448,VFS,1/13/2025,4.269999981,4.275000095,4.079999924,4.199999809,434500,0,0,0,0,0,0,-100,0,0,0,0,0,0,0,0,
15312,VRSK,1/13/2025,275.4700012,275.7099915,266.1900024,267.3999939,876000,0,0,0,100,0,0,0,0,0,0,0,0,0,0,0,
15295,VRSN,1/13/2025,209.5599976,209.6600037,205.7200012,206.5,758600,0,0,0,100,0,0,0,0,0,0,0,0,0,0,0,
16060,WM,1/13/2025,207.5299988,207.5599976,205,206.6600037,1459200,0,100,0,0,0,0,0,0,0,0,0,0,0,0,0,
15567,WMT,1/13/2025,91.52999878,92.43000031,91.09999847,92.12000275,18617100,0,0,0,0,0,0,0,0,-100,0,0,0,0,0,0,
15975,WWD,1/13/2025,180.1000061,180.8999939,176.3899994,176.8099976,388600,0,0,0,100,0,0,0,0,0,0,0,0,0,0,0,
2459,XPEV,1/13/2025,11.81000042,11.97999954,11.60999966,11.93999958,7241200,0,100,0,0,0,0,0,0,0,0,0,0,0,0,0,
351,ZK,1/13/2025,27.15999985,27.32999992,26.55599976,27.15999985,315900,0,100,0,0,0,0,0,0,0,0,0,0,100,100,0,
2952,AKTX,1/10/2025,1.215000033,1.220000029,1.146999955,1.220000029,41400,0,100,0,0,0,0,0,0,0,0,0,0,100,0,0,
1014,ANCTF,1/10/2025,53.06999969,53.59999847,52.68999863,52.68999863,59600,0,0,100,0,0,0,0,0,0,0,0,0,0,0,0,
1558,ANZGY,1/10/2025,17.80999947,18.15999985,17.62000084,17.62000084,131000,0,0,100,0,0,0,0,0,0,0,0,0,0,0,0,
2816,AVGO,1/10/2025,224.3099976,227.8300018,221.25,227.3000031,23864000,0,100,0,0,0,0,0,0,0,0,0,0,0,0,0,
1507,AVY,1/10/2025,184.8600006,187.0099945,184.6999969,185.3500061,431400,0,0,100,0,0,0,0,0,0,0,0,0,0,0,0,
1337,AZO,1/10/2025,3251.320068,3288.100098,3232.929932,3235.01001,132900,0,0,100,0,0,0,0,0,0,0,0,0,0,0,0,
2085,AZPN,1/10/2025,249.3600006,251.2700043,249.3600006,249.6100006,678300,0,0,100,0,0,0,0,0,0,0,0,0,0,0,0,
1966,BBSEY,1/10/2025,6.230000019,6.300000191,5.739999771,6.300000191,62900,0,0,0,0,0,0,-100,0,0,0,0,0,0,0,0,
2000,BBY,1/10/2025,83.26999664,84.86000061,83.16999817,83.68000031,2139400,0,0,100,0,0,0,0,0,0,0,0,0,0,0,0,
4176,BDOUY,1/10/2025,25.01000023,26.19000053,24.97999954,25.35000038,71300,0,0,100,0,0,0,0,0,0,0,0,0,0,0,0,
2306,BHKLY,1/10/2025,64.97000122,64.97000122,62.65999985,64.62000275,4400,0,0,0,0,0,0,-100,0,0,0,0,0,0,0,0,
1643,BKR,1/10/2025,43.25999832,44.25,42.75,43.90999985,6879700,0,0,0,0,0,0,0,0,0,0,0,-100,0,0,0,
3734,CGEMY,1/10/2025,32.22999954,32.38000107,31.89999962,32.34000015,302500,0,100,0,0,0,0,0,0,0,0,0,0,0,0,0,
4771,COHR,1/10/2025,89.87000275,91.41999817,88.09999847,91.41999817,4845700,0,100,0,0,0,0,0,0,0,0,0,0,0,0,0,
3292,CQP,1/10/2025,56.13000107,57.50999832,55.66999817,57.27000046,152200,0,0,0,0,0,0,0,0,0,0,0,-100,0,0,0,
6080,CSDX,1/10/2025,1.49000001,1.649999976,1.480000019,1.537500024,1251,0,0,100,0,0,0,0,0,0,0,0,0,0,0,0,
9922,CTSH,1/10/2025,75.31999969,76.62000275,75.19999695,75.19999695,2985700,0,0,100,0,0,0,0,0,0,0,0,0,100,0,0,
9089,CVNA,1/10/2025,193.0599976,194.0420074,186.4600067,193,3186600,0,100,0,0,0,0,0,0,0,0,0,0,100,100,0,
4907,DASH,1/10/2025,170.1199951,172.1450043,167.8200073,171.8999939,2716700,0,100,0,0,0,0,0,0,0,0,0,0,0,0,0,
4958,DUOL,1/10/2025,318.6700134,319.3599854,305.8200073,316.9100037,535200,0,100,0,0,0,0,0,0,0,0,0,0,0,0,0,
5349,EPD,1/10/2025,32.16999817,32.79000092,32.04999924,32.65999985,4903700,0,0,0,0,0,0,0,0,0,0,0,-100,0,0,0,
5264,ET,1/10/2025,19.42000008,19.82999992,19.28000069,19.78000069,14402800,0,0,0,0,0,0,0,0,0,0,0,-100,0,0,0,
5740,EWBC,1/10/2025,93.51000214,94.25,91.25,94.05999756,1003800,0,100,0,0,0,0,0,0,0,0,0,0,0,0,0,
5961,EXPGY,1/10/2025,42.29999924,42.43000031,41.86000061,42.41999817,92800,0,100,0,0,0,0,0,0,0,0,0,0,0,0,0,
6267,FCNCA,1/10/2025,2063.800049,2083.340088,2040.280029,2083.179932,69700,0,100,0,0,0,0,0,0,0,0,0,0,0,0,0,
6182,FCX,1/10/2025,38.83197403,40.48567007,38.5829234,40.34620233,11971100,0,0,0,0,0,0,0,0,0,0,0,-100,0,0,0,
6658,FMX,1/10/2025,82.26000214,83.91000366,82.23999786,83.05999756,329800,0,0,100,0,0,0,0,0,0,0,0,0,0,0,0,
7083,FUTU,1/10/2025,75.41000366,75.91000366,74.06999969,75.88999939,1850400,0,100,0,0,0,0,0,0,0,0,0,0,0,0,0,
7355,GGG,1/10/2025,80.26952362,81.49554852,80.22965209,80.73800462,728700,0,0,100,0,0,0,0,0,0,0,0,0,0,0,0,
6709,GMBXF,1/10/2025,4.909999847,5.039999962,4.909999847,5.039999962,53500,0,0,0,0,0,0,0,0,0,0,0,-100,0,0,0,
6964,HCMLY,1/10/2025,19.11000061,19.19000053,19.03000069,19.17000008,73100,0,100,0,0,0,0,0,0,0,0,0,0,0,0,0,
8409,HLDCY,1/10/2025,2.789999962,2.799999952,2.769999981,2.799999952,202900,0,100,0,0,0,0,0,0,0,0,0,0,0,0,0,
8137,HOCPY,1/10/2025,128.1499939,128.6300049,127.6800003,128.4900055,23100,0,0,0,0,0,0,-100,0,0,0,0,0,100,0,0,
7797,IBDRY,1/10/2025,54.95999908,55.52000046,54.75999832,54.81000137,97600,0,0,100,0,0,0,0,0,0,0,0,0,0,0,0,
8477,INVH,1/10/2025,30.28000069,30.68000031,30.12999916,30.12999916,3806000,0,0,100,0,0,0,0,0,0,0,0,0,0,0,0,
13327,JNPR,1/10/2025,38.45000076,38.45999908,38.25,38.43999863,2253900,0,0,0,0,0,0,-100,0,0,0,0,0,100,0,0,
8273,KMTUY,1/10/2025,26.36000061,27.46999931,26.03000069,26.03000069,107000,0,0,100,0,0,0,0,0,0,0,0,0,0,0,0,
9242,KNSL,1/10/2025,416.480011,417.5750122,405,414.769989,276900,0,100,0,0,0,0,0,0,0,0,0,0,0,0,0,
9667,KRYAY,1/10/2025,94.19999695,95.66999817,94.19999695,94.91999817,11700,0,0,100,0,0,0,0,0,0,0,0,0,0,0,0,
10415,MGA,1/10/2025,39.52999878,39.68999863,38.97000122,39.61000061,1711100,0,100,0,0,0,0,0,0,0,0,0,0,100,0,0,
9225,MITSY,1/10/2025,383.6700134,402.1099854,380,380,10800,0,0,100,0,0,0,0,0,0,0,0,0,0,0,0,
11945,MLM,1/10/2025,508.7099915,512.7000122,505.4500122,511.7999878,356800,0,100,0,0,0,0,0,0,0,0,0,0,0,0,0,
2187,MMC,1/10/2025,209.1100006,211.9900055,208.9400024,209.5700073,2234900,0,0,100,0,0,0,0,0,0,0,0,0,0,0,0,
10296,MSADY,1/10/2025,20.09000015,20.28000069,20.04999924,20.04999924,78000,0,0,100,0,0,0,0,0,0,0,0,0,100,0,0,
15158,NDSN,1/10/2025,200.1199951,200.3099976,196.8300018,199.7100067,595500,0,100,0,0,0,0,0,0,0,0,0,0,100,0,0,
11605,NEUP,1/10/2025,3.200000048,3.390000105,3.039999962,3.039999962,43700,0,0,100,0,0,0,0,0,0,0,0,0,0,0,0,
10687,NPSCY,1/10/2025,6.480000019,6.659999847,6.449999809,6.46999979,206400,0,0,100,0,0,0,0,0,0,0,0,0,100,100,0,
10126,NTES,1/10/2025,91.11000061,93.68000031,90.26999664,93.59999847,1732600,0,0,0,0,0,0,0,0,0,0,0,-100,0,0,0,
11401,ORLY,1/10/2025,1197.599976,1207.949951,1195.359985,1196.040039,308200,0,0,100,0,0,0,0,0,0,0,0,0,100,0,0,
14478,PINS,1/10/2025,30.65999985,31.79500008,30.64999962,30.73999977,11901100,0,0,100,0,0,0,0,0,0,0,0,0,100,0,0,
12251,PLD,1/10/2025,103.5899963,105,103.5,104,4230700,0,0,100,0,0,0,0,0,0,0,0,0,0,0,0,
11724,PUBGY,1/10/2025,25.75,25.89999962,25.61000061,25.84000015,71500,0,0,0,0,0,0,-100,0,0,0,0,0,0,0,0,
12982,RDDT,1/10/2025,167.0800018,169.6999969,159.8000031,169,4003800,0,100,0,0,0,0,0,0,0,0,0,0,0,0,0,
12812,RIVN,1/10/2025,13.85000038,14.15499973,13.76000023,14,23209000,0,0,100,0,0,0,0,0,0,0,0,0,0,0,0,
14716,SIEGY,1/10/2025,99.83999634,100.4800034,99.25,100.3799973,109000,0,100,0,0,0,0,0,0,0,0,0,0,0,0,0,
13679,SKHSY,1/10/2025,22.75,23.64999962,22.70000076,22.89999962,40300,0,0,100,0,0,0,0,0,0,0,0,0,0,0,0,
15736,SWDBY,1/10/2025,20.13999939,20.29000092,20.12999916,20.18000031,56100,0,0,100,0,0,0,0,0,0,0,0,0,0,0,0,
14461,TCOM,1/10/2025,63.15000153,63.58000183,62.36999893,63.5,3135800,0,100,0,0,0,0,0,0,0,0,0,0,0,0,0,
14393,TKOMY,1/10/2025,32.45999908,32.77000046,32.34999847,32.40000153,154500,0,0,100,0,0,0,0,0,0,0,0,0,100,0,0,
9723,TMO,1/10/2025,542.3099976,557.1599731,541.3099976,541.7600098,2919900,0,0,100,0,0,0,0,0,0,0,0,0,100,0,0,
14223,TOST,1/10/2025,35.70000076,36.29999924,35.15999985,36.22000122,5397100,0,100,0,0,0,0,0,0,0,0,0,0,0,0,0,
13548,TSCDY,1/10/2025,13.25,13.31999969,13.17000008,13.31999969,379400,0,100,0,0,0,0,0,0,0,0,0,0,0,0,0,
14852,UBS,1/10/2025,32.31000137,32.72499847,32.27999878,32.68999863,2060500,0,0,0,0,0,0,0,0,0,0,0,-100,0,0,0,
13530,UXIN,1/10/2025,4.340000153,4.400000095,4.214000225,4.369999886,45000,0,100,0,0,0,0,0,0,0,0,0,0,100,-100,0,
15855,WMB,1/10/2025,55.52000046,57,55.38000107,56.43999863,6336300,0,0,0,0,0,0,0,0,0,0,0,-100,0,0,0,
15838,WPM,1/10/2025,57.16999817,59.00999832,56.91999817,58.59999847,2020000,0,0,0,0,0,0,0,0,0,0,0,-100,0,0,0,
1103,WST,1/10/2025,331.730011,335.8099976,331.5599976,333.2200012,474600,0,0,100,0,0,0,0,0,0,0,0,0,0,0,0,
15940,WTKWY,1/10/2025,170.0800018,171.4900055,168.6699982,168.8099976,12100,0,0,0,0,0,0,0,-100,0,0,0,0,0,0,0,
